Story ID,prediction,rationale
95,1,"The provided evidence contains no explicit contradictions to the backstory claims. Evidence 4 and 12 confirm Noirtier was involved in conspiracy documents (dossier) that Villefort suppressed. Evidence 13-15 show Villefort denounced Bonapartists to Louis XVIII, creating motive for Noirtier's pre-emptive action. Evidence 5 and 10 reference Villefort's eventual downfall ('lawful murder') through judicial processes. While the novel doesn't explicitly state Noirtier gave the dossier to a British spy, no evidence explicitly denies this possibility or conflicts with Monte Cristo later acquiring it. The backstory remains plausible within the novel's established relationships and events."
136,1,"Evidence 9, 12, and 26 explicitly state AbbÃ© Faria was imprisoned from 1811 onward (contradicting island life from 1800). Evidence 9/12/24 specify his work was a political treatise, not on human intelligence. Evidence 13/15 confirm no means to send writings via courier."
59,1,"The evidence supports key elements of the backstory without explicit contradictions: 1) Multiple passages (Evidence 2, 10, 12, 15) confirm captivity escapes and mountain survival; 2) Rope-climbing skills are explicitly demonstrated (Evidence 1, 3, 5, 12, 18); 3) Avalanche awareness is contextually plausible (Evidence 16, 24, 25) though not directly detailed. No evidence explicitly contradicts the relay-station disguise or survival skills. Moderate-strength evidence aligns with escape narratives and mountain settings without logical impossibilities."
60,0,"The backstory claims Thalcave saved 'French geographer Roux' during an avalanche rescue. However, Evidence 13 explicitly identifies the French geographer as Paganel ('Paganel, the geographer'), and Evidence 9/20 further confirm Paganel is the sole French geographer in the narrative. This directly contradicts the invented name 'Roux', violating the 'Invented Details That Conflict' rule. While avalanche events occur (Evidence 4/15/19), no evidence mentions a 1852 silver-prospecting caravan or attributes such a rescue to Thalcave."
124,1,"No explicit contradiction found in evidence. The backstory describes young Caderousse stealing a mooring rope on the Marseille quay with a witness remaining silent. Evidence shows Caderousse's established character as a thief (e.g., Evidence 22: AbbÃ© Busoni confronts Caderousse mid-burglary; Evidence 28: Caderousse's suspicious behavior with stolen wealth) and Marseille's port setting (Evidence 1, 4, 5), making this plausible. No evidence states Caderousse never stole ropes or that such an event couldn't occur. Weak/modern evidence (e.g., Evidence 27 about melon theft) reinforces his thieving tendencies without conflicting with this specific claim."
111,1,"The backstory describes a physically weakened character ('bodily strength ebbed') who covertly influences anti-royalist activities through old connections. Evidence 15 explicitly confirms the character's physical paralysis ('almost as immovable as a corpse') while maintaining mental acuity ('quick and intelligent expression'). Evidence 14 establishes the character's anti-royalist Bonapartist identity ('a Bonapartist') and ongoing political relevance. Evidence 9 and 13 demonstrate anti-royalist conspiracies involving networks of associates ('some friends', 'us'), consistent with 'pulling strings through old friends'. No evidence explicitly contradicts the backstory's claims of quiet encouragement of anti-royalist activities during the post-revolution era."
135,0,"Evidence 20 explicitly contradicts the backstory: 'I am the AbbÃ© Faria, and have been imprisoned as you know in this ChÃ¢teau dâ€™If since the year 1811; previously to which I had been confined for three years in the fortress of Fenestrelle.' This establishes Faria's imprisonment history as: 1) Fenestrelle (1808-1811), 2) ChÃ¢teau d'If (1811 onward). The backstory's claim of Roman imprisonment from 1796-1800 conflicts with this timeline and location. Evidence 9 further confirms Faria was imprisoned continuously from 1811, leaving no gap for the alleged 1800 escape. The novel provides no evidence supporting a Roman prison term or 1796 coup attempt."
27,1,"No explicit contradictions found in the evidence. The backstory describes events (running away to docks at 12, working as a porter, losing hearing from a beating over charts) not addressed in any provided passages. Evidence snippets focus on unrelated events (bottle discoveries, ship searches, character interactions, revenge plots) with no mentions of childhood occupations, hearing loss, or chart-related incidents. While evidence strength is moderate, it lacks relevance to the backstory claims. Absence of contradictory details and narrative plausibility support consistency."
110,1,"The backstory describes a character maintaining a locked study containing revolutionary pamphlets and private letters, which he rereads alone while reflecting on his past. Evidence 1 shows Villefort locking himself in his study with papers to reflect on past events ('shut himself up in his study... to reflect... ponder over the events... of the last eight days'). Evidence 4, 10, and 22 demonstrate secret compartments in furniture containing private documents (e.g., 'bundle of papers tied' in Evidence 10; Bonapartist club report in Evidence 22), aligning with revolutionary content. Evidence 6 further supports solitary reflection in a locked study ('Villefort had secluded himself... sat down to ponder'). While no single evidence explicitly confirms all elements simultaneously, the moderate-strength evidence collectively depicts locked studies, private documents, and solitary reflection on the past without contradiction. No evidence explicitly denies the described behavior or conflicts logically with the backstory."
42,1,"The backstory claims: 1) He accepted a lucrative berth on the Britannia, and 2) First mate Fletcher warned about his 'unstable record.' Evidence confirms Ayrton was quartermaster aboard the Britannia (Evidence 1, 6, 8), satisfying the first claim. While no 'Fletcher' is mentioned, Evidence 6 explicitly shows Ayrton admitting to mutiny ('I dared to mutiny and attempted to involve the crew'), directly supporting the existence of an 'unstable record.' No evidence contradicts these claims; the absence of Fletcher's name doesn't refute the backstory as the novel doesn't deny his existence or the warning. Thus, the backstory remains consistent with the novel's events and character portrayal."
56,1,"No explicit contradictions found in the evidence. The backstory describes predicting an earthquake and crediting 'the spirit of the plains,' but the provided earthquake evidence (e.g., Evidence 2, 8, 9, 17-19, 22-24) shows seismic events without mentioning prediction or this specific phrase. Declining payment/gratitude appears in other contexts (e.g., Evidence 3, 7, 10, 15) but doesn't conflict with the backstory. Since no evidence explicitly denies these claims or makes them impossible, the backstory remains consistent with the novel."
80,1,"No explicit contradictions found in the evidence. The backstory describes events (learning spear-craft at 10, boar hunting achievement at 12, father's death by pirates, and warrior appointment) that are not addressed in any provided evidence passages. While Evidence 1/3/4 describe father deaths in military/political contexts (not pirate raids), and Evidence 15/17/18 show father-son relationships, none explicitly conflict with the specific claims. The evidence strength is moderate but lacks direct relevance to the backstory's claims. Absence of confirming evidence doesn't constitute contradiction per analysis rules."
28,1,"No explicit contradictions found in evidence. The backstory describes events not directly addressed in the provided passages. Evidence shows Ayrton was quartermaster of the Britannia (Evidence 7,23) and acknowledges criminal past (Evidence 12,15), but no text explicitly contradicts the Emerald Bird narrative. Moderate-relevance evidence lacks specific references to insurance fraud or false testimony, making consistency the default position."
101,0,"The backstory claims the character 'joined a radical republican cell' and engaged in revolutionary activities at age 18. However, Evidence 19 explicitly states Edmond Dantès (age 19) declared: 'I never had any opinions. I am hardly nineteen; I know nothing; I have no part to play.' This directly contradicts the claim of political activism at 18. Evidence 2 further reinforces this by showing Dantès was joining the royalist Royal Marines at 19, not engaged in radical activities. The contradiction falls under 'Character Contradiction' (assigned traits/actions disproven by evidence)."
91,0,"The backstory claims the character worked for Fouché while posing as a Ministry of Justice official and organized assassinations of royalist deputies. However, Evidence 1 explicitly states Villefort was 'the former royal attorney at Nîmes' with a 'spotless reputation' as 'the most severe, the most upright, the most rigid magistrate' – directly contradicting the claim of him being an assassin posing as an official. Evidence 4 further confirms Villefort's legitimate role when Louis XVIII references his marriage to Mademoiselle de Saint-Méran and his status as 'one of your majesty’s most faithful servants,' undermining the backstory's premise of a double life. The arsenic phial detail (Evidence 16, 22) is associated with Madame de Villefort's crimes, not Villefort's study, but the core contradiction lies in Villefort's established identity as a genuine royalist official versus the backstory's claim of him being an impostor assassin."
24,0,"Evidence explicitly contradicts the ship name and character role: The backstory references 'Captain Grant’s new ship Brittany', but novel evidence (Evidence 9, 10, 11) consistently identifies the ship as 'Britannia' (e.g., 'quartermaster of the Britannia', 'the Britannia, Captain Grant'). Additionally, the backstory claims the character was 'recommended for a berth', but Evidence 9 establishes Tom Ayrton as already serving aboard the Britannia ('I am really Tom Ayrton, quartermaster of the Britannia'), contradicting the 'new berth' claim. These are direct factual conflicts under 'Invented Details That Conflict' and 'Character Contradiction' criteria."
119,1,"No explicit contradictions found in the evidence. The backstory describes imprisonment at Fenestrella Fortress and scholarly work scratched into limestone, which is not addressed in the provided Château d'If-focused evidence. While Abbé Faria's prison writings are documented (Evidence 8, 10, 13, 15), they describe paper/ink methods, not limestone carvings—but this absence doesn't contradict the backstory's claim of earlier methods at a different location. The plagiarism claim also lacks refutation. Evidence strength is moderate but fails to actively disprove any element (e.g., no mention of imprisonment history or specific works). Absence of Fenestrella references doesn't equate to contradiction per analysis rules."
93,1,"No explicit contradictory evidence found in the provided excerpts. The backstory's claims about hidden ciphered letters in oak barrels and Villefort unearthing them are not directly addressed in the evidence. While Villefort is shown investigating conspiracies (Evidence 8) and handling secret documents (Evidence 6), these passages neither confirm nor deny the specific vineyard scenario. The evidence strength is moderate, and absence of confirmation doesn't constitute contradiction per analysis rules."
72,1,"No explicit contradictions found in the evidence. The backstory claims training of twelve English-speaking youths as spies in Auckland and two becoming servants to watch Glenarvan. Evidence shows Auckland is a known location (Evidence 11) and includes references to servants (Evidence 6, 9, 14), but none explicitly deny the possibility of spies or trained youths. While no passages directly support this specific claim, the absence of contradictory evidence (e.g., statements that Glenarvan was never watched or that no spies operated in Auckland) and moderate-strength evidence lacking explicit refutation make the backstory logically consistent with the narrative."
16,1,"No explicit contradictions found in the evidence. The backstory describes a character born in Calcutta to a British merchant (East India Company) and French nurse mother. While the evidence contains references to Calcutta (Evidence 18,19,23), British/French interactions (Evidence 1,6), and merchant activities (Evidence 8,9,13), none explicitly contradict the specific parentage or birthplace claims. Moderate-relevance passages about Andrea Cavalcanti (Evidence 9,22) describe different origins (Italian nobility), but don't invalidate this separate backstory. Absence of confirmation isn't contradiction per analysis rules."
30,1," No explicit contradictions found in the evidence. The backstory describes events not covered in the provided passages (Indian Ocean piracy, 'Black Tide' crew, 'Blood Raven' nickname). Evidence shows pirate/bandit activities exist in the novels (e.g., Luigi Vampa's banditry in Evidence 5, 11; smuggling references in Evidence 25), but no specific details conflict with this character's claimed actions. The throat-cutting revenge scenario isn't mentioned or contradicted. Weak evidence strength (MODERATE) and absence of direct references prevent contradiction."
97,1,"The novel provides no explicit contradiction to the claim that Monte Cristo gained poison knowledge through prisoner experimentation. Evidence 7 shows his deep expertise in poisons ('A skilful preparation of my friend’s... who taught me the use of it'), while Evidence 15 demonstrates his instant recognition of symptoms ('the symptoms are marked... I could specify the poison'). Though prisoner experiments aren't directly described, the novel never states alternative origins for his knowledge nor denies this possibility. The claim aligns with his established character as a master manipulator with unconventional learning methods."
22,1,"No explicit contradictions found in the evidence. The backstory describes secret activities ('secretly helped anti-colonial groups'), a personal creed ('quiet chivalry for the weak'), and possession of rebel correspondence that enhanced geographical knowledge—all elements not directly addressed in the novel passages. While evidence shows Paganel's geographical expertise (e.g., Evidence 1, 2, 4, 5, 7) and humanitarian traits (e.g., Evidence 1: 'seeing Miss Mary happy and consoled'), none explicitly refute the backstory claims. Absence of evidence is not contradiction per analysis rules. Evidence from 'The Count of Monte Cristo' is irrelevant to Paganel's character in 'In Search of the Castaways'."
53,1,"No explicit contradictory evidence exists in the provided passages. The backstory describes a specific bonding incident involving Thaouka plunging off a cliff and herbal healing, but none of the evidence references this event or contradicts its possibility. Evidence 8 shows Thaouka's strong bond with Thalcave ('The Patagonian must have used excellent arguments... Thaouka yielded, and obeyed his master’s commands'), which aligns with the backstory's claim of a deep bond. While the event isn't directly supported, its absence in the text doesn't constitute contradiction per analysis rules. Claims about herb use and survival are plausible within the novel's universe."
58,1,"No explicit contradictions found in the evidence. The backstory claims: 1) Teaching of Quechua/Spanish/French - Evidence 3/9/10/20/21/23 show language instruction occurring (Spanish/Italian/German) but no mention of Quechua specifically. Absence isn't contradiction. 2) European maps/stars/navigation - Evidence 1/2/3/7/14 explicitly show navigation instruction with charts, stars, and compass. While no 'mission priest' is directly referenced, the educational activities described are consistent with the backstory's claims. No evidence states these activities didn't occur or were impossible."
81,1,"No explicit contradictions found in the evidence. The backstory describes events (whaling crew attacking island, Spanish sailor teaching slang) not addressed in the provided passages. Evidence shows Spanish-speaking characters exist (Evidence 14, 17, 20) and youthful heroism occurs (Evidence 13, 24), but no passages directly conflict with the specific claims. Moderate-strength evidence cannot disprove uninvented details."
47,1,"No explicit contradictions found in the evidence. The backstory describes an event not covered in the provided passages. While evidence references fathers dying (e.g., Ali Pasha's death in Evidence 1/5/6) and children fleeing (Evidence 13/16), none conflict with the specific claim of colonists killing a father over migration routes or a thirteen-year-old escaping with silver horse-gear. Absence of confirmation ? contradiction per analysis rules."
7,1,"The provided evidence contains no explicit contradictions to the backstory. While the novel depicts hardships (e.g., Evidence 1, 2, 3, 6, 7, 19, 32 show supply shortages and deaths), none explicitly refute the specific claims of: 1) a scientific expedition led by the character, 2) insistence on traveling light causing shortages, 3) three malaria deaths, or 4) subsequent backpack behavior. Evidence 19 references Burke's expedition (starvation, not malaria) but doesn't conflict with the backstory's separate events. The absence of direct evidence about this backstory doesn't constitute contradiction per analysis rules (weak/absent evidence ? consistent)."
121,0,"The backstory claims Edmond Dantès' father was aboard a prison transport where he met another character. However, Evidence 3 explicitly states: 'Old Dantès, however, sprang forward... He prayed and supplicated in terms so moving' during Edmond's arrest in Marseille. Evidence 4 further confirms: 'Every eye was turned towards the young man... I arrest you in the name of the law!' showing the father present at the arrest scene as a free man. The novel establishes that Dantès' father was never imprisoned – he died in poverty in Marseille after Edmond's arrest. Meeting him aboard a prison transport is therefore impossible, directly contradicting the backstory's core claim."
129,0,"The backstory claims the character learned to carve fish-bone pen-nibs from an old Macao watchmaker. However, Evidence 5 explicitly shows Abbé Faria creating pens from fish cartilages independently: 'I selected the cartilages of the heads of these fishes... as affording me the means of increasing my stock of pens.' Evidence 7 further confirms Faria invented his tools ('I had none but what I made for myself') and Evidence 16 details his self-made fish-bone pens ('showing a slender stick... with one of those cartilages'). These passages directly contradict the claim of external instruction from a Macao watchmaker, establishing Faria as the sole inventor of this method within the novel's narrative."
51,1,"No explicit evidence contradicts the backstory. The provided passages describe Thalcave facing wolf attacks (Evidence 1,3,7,10,16,22,23) and horse-related dangers (Evidence 5,8,10), but none mention horse-thieves or an old shepherd's death. The backstory's themes of sacrifice and civilization vs. wild align with Thalcave's protective actions (Evidence 1,7) and role as a guide (Evidence 12), but no passage directly conflicts with the specific event described. Absence of confirmation isn't contradiction, and irrelevant evidence from 'The Count of Monte Cristo' doesn't impact Thalcave's narrative."
127,0,"The backstory claims 'twenty years in one cell' but Evidence 7 explicitly states: 'It was fourteen years, day for day, since Dantès’ arrest. He was nineteen when he entered the Château d’If; he was thirty-three when he escaped.' This constitutes a direct factual contradiction of the timeline (14 years ? 20 years)."
133,1,"No explicit contradictory evidence found. The backstory claims university lectures convinced him religion and reason could be fused. Evidence 11 shows the abbé (who mentors Monte Cristo) explicitly fusing science and religious truth ('Philosophy cannot be taught; it is the application of the sciences to truth; it is like the golden cloud in which the Messiah went up into heaven'). This supports the worldview described. While no passage directly confirms university lectures, the novel never contradicts this origin story or the fusion concept. Moderate-strength evidence lacks explicit denials (e.g., no passages show him rejecting reason-religion fusion or university influences). Absence of confirmation doesn't equal contradiction per analysis rules."
52,0,"The backstory claims Thaouka is a 'black stallion', but Evidence 1 explicitly describes the horse as brown ('His brown color indicated a sound, spirited and courageous beast'). Evidence 5 further confirms this is the same horse named Thaouka. This constitutes a direct factual contradiction of the coat color claim. While no evidence explicitly addresses the trapping/taming methods, the color discrepancy alone violates narrative consistency."
114,1,"No explicit contradictory evidence found in the provided passages. The backstory describes Abbé Faria entering Bologna University at twelve, studying theology/chemistry, and decoding ciphers. While the evidence shows Faria's scholarly nature (e.g., Evidence 8: 'I wrote or studied', Evidence 14: 'philosophy cannot be taught', Evidence 22: Faria teaching mathematics/physics/languages), none explicitly contradicts the specific claims about his early academic background. The evidence strength is moderate but lacks direct references to Bologna University, theology/chemistry studies, or cipher-decoding incidents. Absence of confirmation doesn't equate to contradiction per analysis rules."
2,0,"Evidence 11 explicitly contradicts the backstory's claim of learning Spanish through a church punishment incident. The passage states Paganel learned Spanish systematically through books on a ship ('discovered a whole cargo of odd books... resolved to learn Spanish... studied assiduously'), with no mention of church punishment or a caretaker. Evidence 12 further reinforces this by showing Paganel attributing his Spanish knowledge to deliberate study ('I not only know Spanish, but Portuguese also. I speak two languages instead of one'). The backstory's specific scenario of learning via punishment and letter-composing with a caretaker conflicts with the novel's documented method of language acquisition."
33,1,"No explicit contradictory evidence found in the provided passages. The backstory claims a character volunteered for Captain Grant's crew to spy on Scottish-backed colonization schemes. Evidence 10, 13, and 18 describe Grant's colonization efforts and government opposition, but none explicitly state crew motives or refute potential espionage. Evidence 15 details Ayrton's mutiny but doesn't address his initial recruitment motives. Absence of confirmation isn't contradiction, and the backstory remains plausible within the novel's context of political tensions around colonization. Weak/moderate evidence strength and lack of direct refutation support consistency."
15,1,"No explicit contradiction found. Evidence describes tribal bone ornaments (e.g., Evidence 3: 'sharp albatross bone used by Maori tattooers', Evidence 21: 'albatross bone used for tattooing', Evidence 22: 'carved stones and pipes') but never disputes the character's method of gauging civilization through them. The Amazon reference remains unaddressed in the evidence, and no passage refutes the claimed skill. Moderate-strength evidence lacks explicit denials of the backstory's assertions."
82,0,"Evidence explicitly contradicts the language-learning method in the backstory. The novel states Dantès learned English through structured study with Abbé Faria during imprisonment (Evidence 1: 'at the end of six months he began to speak Spanish, English, and German'; Evidence 3: 'Dantès possessed a prodigious memory... comprehended the construction of all languages'). This conflicts with the backstory's claim of post-escape learning via stolen dictionary pages. No evidence supports fish-bone survival methods, but the language contradiction alone violates narrative consistency."
37,1,"The backstory describes Tom Ayrton's childhood (birthplace, family, early nautical training), which is never addressed in the novel evidence. No explicit contradictions exist: Evidence confirms Ayrton's identity as a sailor/quartermaster (e.g., 'Tom Ayrton, quartermaster of the Britannia' in Evidence 2, 5, 7, 11) but never mentions his origins, family, or upbringing. The claims do not conflict with Ayrton's established seafaring background or character traits. Absence of corroboration is not contradiction, and no evidence explicitly opposes these details."
3,1,"No explicit contradictions found in the evidence. The backstory describes a character leaving home after his mother's death with Polynesian charts she bequeathed him. While evidence shows family conflicts (e.g., Villefort's son Edward dying, Albert de Morcerf leaving with his mother Mercédès in Evidence 3 and 27), no passages explicitly contradict this specific sequence of events. References to nautical charts exist (Evidence 4, 7, 30) but none conflict with Polynesian inheritance. Evidence strength is moderate but lacks direct negation of the claims. Absence of confirmation ? contradiction per analysis rules."
103,1,"The evidence does not explicitly contradict the backstory. While multiple passages describe Noirtier's revolutionary past and Bonapartist activities (Evidence 1, 3, 7, 15, 18), none directly address his attitude during Napoleon's rise to dictatorship. Evidence 18 even notes he 'never projected any Utopian schemes' and focused on 'possibilities', suggesting pragmatic evolution. The backstory's claim of distancing/wariness isn't refuted by any explicit statement (e.g., 'Noirtier remained loyal' or 'embraced corruption'). Moderate-strength evidence covers other periods (Bourbon restoration) but not the specific transition in question. Absence of contradiction warrants CONSISTENT verdict per analysis rules."
94,0,"Evidence 2 explicitly contradicts the backstory: 'The physician who prepared for me the remedy I have twice successfully taken, was no other than the celebrated Cabanis' (Faria speaking). This shows Faria was the patient receiving experimental treatment, not an authority allowing testing on others. As a prisoner, Faria lacked authority to permit experiments on fellow prisoners, making the backstory's premise impossible within the novel's established power dynamics."
85,1,"No explicit contradictory evidence found. The backstory describes a scenario consistent with ransom-seeking behaviors in the novel (e.g., Evidence 2/3/10 show bandits negotiating ransoms for captives). While no direct match exists for 'captain’s daughter,' the narrative logic aligns with established patterns (foreigners seeking missing persons with rewards). Evidence 4/11/16 reference missing children and ransoms without contradicting this specific scenario. Absence of explicit proof doesn't equal contradiction; the backstory remains plausible within the novel's framework."
21,1,"The backstory describes a Royal Navy frigate HMS Austin bound for Australia/New Zealand under Lieutenant Grant, with a young sailor promoted to ship's assistant. While the evidence mentions ships (Britannia, Duncan, Pharaon) and characters named Grant (Captain Harry Grant) and Austin (Tom Austin), there is no explicit contradiction: 1) No evidence states Royal Navy frigates named Austin don't exist; 2) Lieutenant Grant isn't explicitly denied; 3) Young sailor promotions occur (e.g., Dantès in Evidence 9); 4) Voyages to Australia/New Zealand are referenced (Evidence 1, 4, 6). The evidence doesn't explicitly refute any backstory element, and absence of confirmation isn't contradiction per analysis rules."
49,1,"No explicit contradictions found in the evidence. The novel describes the Andes as a wilderness with dangerous animals (condors, jaguars, wolves) and bandits (Evidence 13, 15, 19), supporting the backstory's premise of trailing predators and dodging threats. While no passage explicitly confirms a solo two-year stay, the setting's harshness and documented perils make this plausible. Group travel scenes (Evidence 4, 12) don't preclude solo survival occurring off-page. Absence of direct refutation (e.g., 'no one could live alone there') maintains consistency."
140,1,"The backstory claim 'Friendships forged in secret cells and exile sustained him through the long years of imprisonment and seclusion' is consistent with novel evidence. Evidence 4, 6, and 9 explicitly confirm Dantès formed a friendship with Abbé Faria during imprisonment (e.g., 'they eluded the vigilance of the guards, and made a passage from one dungeon to the other'). Evidence 16 and 18 show relationships formed during exile/seclusion (e.g., Haydée's presence providing comfort). No evidence contradicts the sustaining nature of these bonds; weak passages about isolation (Evidence 10, 13) occur before friendships formed or after Faria's death, not negating the claim."
64,1,"No explicit contradictory evidence exists in the provided passages. The backstory describes an incident off the Chilean coast involving ferrying provisions to a burning barque and rescuing a sailor during a squall. While the evidence contains multiple shipwreck/rescue scenarios (e.g., Evidence 1, 8, 9, 10), none explicitly contradict this specific claim. Evidence 2 and 9 reference storms near South American coasts (Cape Croiselle/Lemaire), but neither confirms nor denies the Chilean incident. Absence of direct mention doesn't constitute contradiction per analysis rules. Since no evidence proves the event 'false or impossible' (e.g., timeline conflict, character contradiction, or logical impossibility), consistency must be maintained."
131,1,"No explicit contradictions found in the evidence. The backstory claims the character was born in 1760 to Italian nobility and possessed exceptional memory/academic abilities. Evidence supports Italian noble heritage (e.g., Evidence 3: 'descendant of the Cavalcanti whose names are inscribed in the golden book at Florence'; Evidence 4: 'noble family of Fiesole'). While no evidence directly confirms the 1760 birth year, it aligns with the portrayal of Major Cavalcanti as an elderly soldier (Evidence 1: 'old soldier', 'gray moustaches'). The claim about devouring libraries/startling tutors isn't contradicted—Evidence 15 even references family archives containing 'titles, contracts, parchments'. The 'declining noble house' aspect is consistent with Evidence 3's mention of 'many misfortunes'. Absence of direct confirmation doesn't equal contradiction per analysis rules."
61,1,"No explicit contradictions found in the evidence. The backstory describes a sister being seized by slave-raiders and a subsequent oath to help others, which aligns with themes in the novel (e.g., Haydée's enslavement in Evidence 6/11, characters pledging aid in Evidence 5/7/10). While 'Nawee' isn't named, the scenario isn't disproven. Evidence shows similar trauma (Evidence 12/24) and vows to assist others (Evidence 4/7/10), making the backstory logically consistent. Absence of direct refutation and thematic alignment support consistency."
86,1,"Evidence 9 (64.49% relevance) explicitly supports the backstory: 'Ayrton remained unmoved, watching the coast, deaf to every question' confirms the 'haughty and cold' initial impression. Evidence 15 (61.78% relevance) shows Glenarvan extending trust ('I will trust you, Ayrton') after observing Ayrton's commitment to truth ('I will tell the whole truth'), validating the 'valued life and kept his word' claim. Evidence 16 (61.73% relevance) reinforces Ayrton's reliability through third-party testimony. Minimal dialogue in these exchanges ('words were few') and Glenarvan's cautious trust ('fragile trust grew') align with the narrative. No evidence contradicts these claims; Monte Cristo passages are irrelevant to this character dynamic."
38,1,"The provided evidence contains no explicit contradictions to the backstory claims. While multiple passages show characters exhibiting quick tempers (e.g., Andrea's ill-tempered response in Evidence 1, Albert's anger in Evidence 3), refusing unjust treatment (e.g., the aristocratic prisoner rejecting 'comrade' status in Evidence 4), or facing disillusionment (e.g., Dantès' discouragement in Evidence 13), none directly conflict with the specific event described—a storm on a convoy run where saving people led to reprimand for 'disrupting military order.' The absence of this event in the evidence doesn't constitute contradiction; it simply remains unaddressed. No evidence explicitly denies such an incident or the character traits described, so the backstory remains consistent with the novel."
132,0,"Evidence 8 explicitly contradicts the claim of fluency in several languages by age 18: 'Dantès possessed a prodigious memory... He already knew Italian, and had also picked up a little of the Romaic dialect during voyages to the East... at the end of six months he began to speak Spanish, English, and German.' This indicates Dantès achieved multilingual fluency through concentrated study with Abbé Faria during his imprisonment (which began at age 19), not as an 18-year-old student at Rome University. The novel timeline shows language acquisition occurred post-18, directly conflicting with the backstory's age claim."
77,0,"Evidence 14 explicitly contradicts the backstory. Captain Grant's account states: 'Alone with my two sailors [...] I did not despair' after the Britannia shipwreck. This confirms Robert Grant was never shipwrecked/rescued as a boy - he was safely ashore during his father's ordeal. The novel's timeline also makes a 20-year gap impossible since Robert remains a child throughout the narrative (e.g., Evidence 7, 15, 17 show him as a youth during Glenarvan's expedition). No evidence supports Wallace or bird-of-paradise book existing in the novel."
70,1,"No explicit contradictions found in the evidence. The backstory describes unique events (crater survival, marriage to Julia, execution with obsidian knife, marriage ban) not addressed in any evidence passages. While tribal chiefs appear (e.g., Kai-Koumou, Kara-Tété), none reference these specific events. Evidence 3/4/19 mention executions and tribal customs but don't conflict with the backstory's claims. Weak/absent evidence cannot contradict; thus consistency is maintained."
115,0,"Evidence 1 explicitly states: 'I believe he is a Lutheran' and 'I do not affirm it' regarding religious affiliation. This directly contradicts the backstory's claim of being a Jesuit novice, as Jesuit orders are exclusively Catholic. The Lutheran identification (even if tentative) conflicts with Catholic seminary training required for Jesuit novices."
78,1,"The evidence does not explicitly contradict the backstory. While the novel contains similar themes of assassination and trauma (e.g., Haydée witnessing her father Ali Pasha's death at age 4), none of the provided passages directly conflict with the specific claims: 1) No evidence disproves a father guarding a chief 2) No evidence refutes a princess marriage alliance 3) Violence occurs at young ages (Haydée at 4) 4) Retributive executions occur (e.g., Ali Pasha's killers) 5) Graphic violence is described (e.g., 'balls penetrated the boards', 'bodies literally ploughed with wounds'). The gruesome 'sound of flesh stripped from bone' isn't mentioned but doesn't conflict with the novel's violent depictions. Absence of explicit contradiction and thematic consistency support consistency."
87,0,"Evidence 2 explicitly contradicts the backstory's claim about the father's execution. The backstory states the father was 'guillotined in 1792 for hiding exiled aristocrats,' but Evidence 2 shows Villefort stating: 'my father was a Girondin, but he was not among those who voted for the king’s death; he was an equal sufferer [...] during the Reign of Terror, and had well-nigh lost his head on the same scaffold [...] but did not perish.' This confirms the father survived the Reign of Terror (1793-1794), directly contradicting the 1792 guillotine claim. Additionally, Evidence 12 reinforces this by noting the father later became a senator under Napoleon ('the Citizen Noirtier was a Girondin, the Count Noirtier became a senator'), which would be impossible if executed in 1792."
75,1,"The evidence shows consistency with all three claims: 1) Paganel's extraordinary geographical memory is explicitly supported (Evidence 4, 9, 13, 17, 19 show his expertise and recall of geographical details). 2) While no direct demonstration of shipwreck location via tidal changes exists, Evidence 21-22 show Paganel analyzing coastal/tidal phenomena without contradiction. 3) Evidence 1, 7-8, 12, and 23-24 consistently portray volcanic eruptions as divine punishment against colonizers from the native perspective, aligning with the backstory's claimed worldview. No evidence explicitly contradicts these claims, and moderate-strength passages support the narrative framework."
44,1,"The backstory describes a character experiencing solitude, pride, remorse, self-loathing for betrayal, and relief that the truth remains hidden. Evidence shows multiple instances of characters (particularly Villefort) exhibiting remorse and self-loathing for betrayals (e.g., Evidence 1-2: 'he carried the arrow in his wound... the man he sacrificed... appeared to him pale and threatening'; Evidence 5: 'was I not accessory to his death... contempt for him... traitor and perjurer'). While no explicit diary is referenced, the emotional states align with novel portrayals. Crucially, no evidence explicitly contradicts the described psychological state or relief about secrecy (e.g., Evidence 4: 'this horrible secret shall forever remain buried'). Absence of diary references doesn't constitute contradiction per analysis rules."
